1.1809272877007768,6.29403381873797e-15,-0.1560662462863745,3.415663139863518,3.16406632090029,1211.59913080726
1.180896143171593,0.0015763568349817,-0.15587067860129794,3.415510589370218,3.16410950450225,1211.99681467995
1.1808669133694352,0.00570045916438095,-0.1560446264564569,3.4152653472134435,3.16397913902129,1209.24432558947
1.1808369133683856,0.00795095760800491,-0.15622217474643627,3.4150142263335077,3.16384432493592,1206.43336175687
1.1808069133707542,0.00968822106696696,-0.15639874026245804,3.4147636876208183,3.16370995695032,1203.63645817604
1.1807769133716763,0.0111547287370844,-0.15657433599907475,3.4145137223418733,3.16357602935314,1200.85344372149
1.1807469133702502,0.0124465970925561,-0.15674897470733967,3.414264321960859,3.16344253655121,1198.08415062784
1.180716913360195,0.0136136709783784,-0.1569226688116478,3.4140154781384173,3.1633094730769,1195.32841640702
1.18068691337731,0.0146857658613681,-0.1570954307776748,3.4137671828816725,3.1631768335789,1192.58607722545
1.1806569133842404,0.0156824032973444,-0.15726727227139675,3.4135194279720515,3.16304461282097,1189.8569773046
1.18062691337156,0.0166171938116117,-0.15743820491623778,3.4132722056469005,3.16291280567444,1187.14096272422
1.1805969133774818,0.0175000771209316,-0.15760824042625504,3.413025508397755,3.16278140712378,1184.43787759062
1.1805669133736003,0.0183385760453169,-0.1577773897982523,3.4127793286233175,3.16265041225308,1181.74758455584
1.1805369139232353,0.0191385335,-0.15794566095456597,3.4125336635292403,3.16251981848625,1179.06998259393
1.1802369133653778,0.0257374964,-0.15958253607471723,3.410103514125461,3.16123480222887,1152.95879489284
1.1799369133884623,0.0308608267982283,-0.1611424655292426,3.407717329731523,3.1599850347947,1127.97163617977
1.1796369134005202,0.0351686494388883,-0.1626334402440453,3.405369771784741,3.15876700241771,1104.00181294756
1.1793369134132536,0.038939423715281,-0.16406214547162062,3.4030563762588084,3.15757776272746,1080.95945959379
1.1790369134188556,0.0423222597675039,-0.16543424356878145,3.400773361458343,3.15641482063517,1058.7679298915
1.1787369134277896,0.0454081739401453,-0.16675458070066418,3.3985174897088077,3.15527603830362,1037.36117494172
1.1784369134372785,0.0482575935714603,-0.16802734244329282,3.396285962793765,3.15415956717883,1016.68175502303
1.1781369134483812,0.0509130695792177,-0.16925617349157152,3.3940763420658886,3.15306379579904,996.679359050915
1.1778369134588358,0.0534059012819027,-0.17044427068223073,3.3918864861703506,3.15198730915373,977.309466580874
1.177536913469317,0.0557599006637357,-0.17159445649590366,3.3897145019855457,3.15092885659024,958.532627941277
1.1772369134800051,0.0579936762414114,-0.1727092376705335,3.387558705470946,3.14988732618087,940.3134693913
1.176936913490833,0.0601220921126617,-0.17379085255321802,3.385417590076451,3.1488617240124,922.620179706634
1.1766369135018784,0.0621572397161182,-0.17484130965746636,3.3832898010551453,3.1478511573155,905.424102797108
1.1763369135126485,0.064109107759837,-0.17586241941688985,3.3811741143058436,3.14685482055698,888.699154630056
1.1760369135238375,0.0659860575681304,-0.17685582048046877,3.3790694188808557,3.14587198392775,872.421613253827
1.1757369135348634,0.0677951688262947,-0.17782300169092669,3.3769747023649614,3.14490198369933,856.569762724613
1.1754369135467848,0.0695424964331054,-0.17876532058565492,3.3748890385860557,3.14394421412042,841.123659500953
1.1751369135576217,0.071233264905903,-0.17968401902027814,3.3728115772332017,3.14299812054524,826.064973134721
1.1748369135691823,0.0728720179260403,-0.1805802365385952,3.3707415350095458,3.14206319358692,811.3767348103
1.174536913580773,0.0744627350744341,-0.1814550217613835,3.368678188051679,3.14113896409299,797.043159740108
1.174236913592388,0.0760089241153664,-0.18230934222622716,3.3666208654325684,3.14022499883158,783.049756894246
1.1739369136041207,0.0775136948223334,-0.1831440928941862,3.3645689435201107,3.13932089674843,769.3828957367
1.1736369136158356,0.0789798186481643,-0.1839601035314888,3.362521841104079,3.13842628571826,756.029916010656
1.1733369136272929,0.0804097774220002,-0.1847581451595599,3.3604790151276203,3.13754081970576,742.978946644909
1.173036913640026,0.0818058034385312,-0.18553893572448005,3.35843995694684,3.13666417627423,730.21887460851
1.1727369136509034,0.0831699127182675,-0.18630314501189477,3.3564041890684484,3.13579605439881,717.739263969984
1.1724369136638542,0.0845039328138703,-0.1870513991277437,3.3543712622192987,3.13493617252941,705.53029205981
1.1721369136753172,0.085809526208283,-0.18778428427183488,3.352340752871258,3.1340842668775,693.582709361377
1.1718369136875157,0.0870882101278296,-0.1885023502875846,3.3503122608666747,3.13324008989408,681.887777503441
1.1715369136993448,0.08834137342302,-0.18920611367617524,3.3482854074481208,3.13240340890721,670.437254175541
1.1712369137116758,0.0895702910136777,-0.18989606036583156,3.3462598334756937,3.13157400491835,659.223292775604
1.170936913723837,0.0907761363459317,-0.1905726481878473,3.3442351977284517,3.13075167149222,648.238508390006
1.1706369137361772,0.0919599921371819,-0.19123630907643197,3.3422111755250072,3.12993621379557,637.475853235698
1.1703369137485766,0.0931228597262136,-0.1918874510616076,3.340187457396236,3.12912744770941,626.928635542479
1.1700369137608555,0.0942656672285285,-0.19252646008117674,3.338163747885349,3.12832519902747,616.590493932832
1.16973691377318,0.0953892766717456,-0.19315370160401646,3.3361397645088617,3.12752930273898,606.455361180379
1.1694369137855913,0.0964944902725241,-0.19376952211009185,3.3341152367685942,3.12673960237116,596.517454971072
1.169136913798125,0.0975820559713872,-0.19437425043438764,3.3320899052819803,3.12595594939332,586.771248916187
1.1688369138105006,0.0986526723303876,-0.19496819898721302,3.3300635209875864,3.12517820267473,577.211464552091
1.1685369138230275,0.0997069928817083,-0.19555166487796,3.3280358444128586,3.12440622798869,567.833046125087
1.1682369138356006,0.100745629999182,-0.1961249309269864,3.3260066450075945,3.12363989755979,558.631160318842
1.1679369138476032,0.101769158356224,-0.19668826660158262,3.323975700535338,3.12287908964745,549.601168586475
1.167636913860695,0.102778118020173,-0.19724192889193995,3.3219427965485306,3.12212368816653,540.738639579104
1.1673369138734364,0.103773017231683,-0.19778616305918625,3.3199077257970293,3.12137358233559,532.039267372168
1.1670369138860854,0.104754334904363,-0.19832120339550274,3.31787028785515,3.1206286663554,523.498972185419
1.1667369138986476,0.105722522879719,-0.19884727387738343,3.315830288613842,3.1198888391118,515.11380874891
1.1664369139117183,0.106678007966685,-0.19936458878942143,3.3137875399667047,3.1191540038995,506.879973176174
1.1661369139245943,0.107621193786715,-0.19987335327731942,3.3117418593137593,3.11842406817082,498.793820152789
1.165836913937444,0.108552462451929,-0.2003737638944703,3.3096930693468636,3.1176989432978,490.851824038388
1.1655369139503338,0.109472176088558,-0.20086600908054125,3.3076409976733547,3.1169785443565,483.050590794173
1.165236913963215,0.11038067822675,-0.20135026961483407,3.305585476541159,3.11626278992409,475.386842647192
1.1649369139760088,0.111278295069532,-0.2018267190394033,3.303526342540506,3.11555160189021,467.857419265606
1.1646369139893276,0.112165336652711,-0.2022955240562062,3.3014634364589597,3.11484490528232,460.459267422
1.1643369140024267,0.113042097907467,-0.2027568448745554,3.2993966028518167,3.11414262810288,453.189433528252
1.1640369140155684,0.113908859635537,-0.20321083556998937,3.2973256900195387,3.11344470117735,446.045064109491
1.1637369140288127,0.114765889405523,-0.20365764439272008,3.2952505497111977,3.11275105801182,439.023399643473
1.1634369140420109,0.115613442377809,-0.20409741406447493,3.2931710369504485,3.11206163466011,432.121762918533
1.163136914055333,0.116451762063859,-0.20453028205657367,3.2910870098706706,3.1113763696013,425.337571123522
1.162836914068525,0.11728108102918,-0.20495638084831816,3.2889983295313727,3.11069520362105,418.668315891839
1.162536914082147,0.118101621540905,-0.20537583817620098,3.286904859817681,3.11001807970435,412.111563531911
1.162236914095475,0.118913596168324,-0.20578877724623051,3.284806467203766,3.10934494293263,405.66495856425
1.1619369141088787,0.119717208339153,-0.20619531696833426,3.2827030207202936,3.10867574038747,399.32621418356
1.161636914122571,0.120512652855092,-0.20659557214478363,3.280594391769209,3.10801042106104,393.093111888918
1.1613369141361045,0.121300116371591,-0.20698965365781458,3.2784804540255914,3.10734893577037,386.963494681269
1.1610369141497896,0.122079777843236,-0.2073776686571444,3.2763610833265187,3.10669123707791,380.935271294269
1.1607369141635537,0.122851808938903,-0.20775972071905063,3.2742361575667878,3.10603727921573,375.006406182827
1.160436914177342,0.123616374428341,-0.20813591000768378,3.2721055566062573,3.10538701801482,369.174923084868
1.160136914191177,0.124373632543116,-0.20850633342441063,3.2699691621769666,3.10474041083763,363.438898875888
1.159836914205096,0.125123735313457,-0.20887108474779548,3.2678268578005856,3.10409741651503,357.796464641513
1.1595369142190597,0.125866828883414,-0.20923025476589185,3.2656785287083947,3.1034579952861,352.245800589018
1.1592369142331411,0.126603053805633,-0.20958393140377096,3.2635240617649917,3.10282210874148,346.78513468232
1.1589369142472266,0.127332545317365,-0.20993219983912548,3.261363345405898,3.10218971976997,341.412743189304
1.1586369142613888,0.128055433599551,-0.21027514261894464,3.2591962695587045,3.1015607925072,336.126945334689
1.1583369142756839,0.128771844019376,-0.2106128397629134,3.257022725596988,3.10093529228819,330.926106441215
1.1580369142900246,0.129481897359022,-0.21094536886596105,3.2548426062703193,3.10031318560031,325.808629556022
1.1577369143043899,0.130185710029366,-0.21127280519294483,3.2526558056588124,3.09969444004147,320.772961186675
1.157436914318859,0.130883394272013,-0.21159522177109874,3.250462219115554,3.09907902427812,315.817584694053
1.1571369143333299,0.131575058349452,-0.2119126894755775,3.248261743222638,3.09846690800568,310.941022255302
1.1568369143480177,0.132260806723627,-0.21222527711223127,3.2460542757484068,3.09785806191201,306.141830261682
1.1565369143630078,0.132940740225045,-0.2125330514962842,3.2438397156026193,3.09725245764115,301.418601952028
1.156236914377728,0.133614956211603,-0.21283607751793615,3.2416179627919037,3.09665006776051,296.769962436653
1.1559369143925236,0.134283548719334,-0.2131344182309948,3.239388918398176,3.09605086572778,292.194570810501
1.155636914407428,0.134946608604357,-0.21342813490516221,3.2371524845283473,3.09545482586066,287.691117070225
1.155336914422468,0.135604223677104,-0.21371728709481974,3.2349085642880278,3.09486192330794,283.258320280067
1.1550369144376096,0.13625647883,-0.21400193270066464,3.232657061758672,3.09427213402048,278.894930723681
1.154736914452857,0.136903456157384,-0.2142821280274662,3.230397881960039,3.09368543472569,274.599726874061
1.154436914468205,0.137545235069987,-0.21455792784031671,3.228130930826361,3.09310180290127,270.37151428528
1.1541369144836535,0.138181892403053,-0.21482938541734842,3.2258561151864438,3.0925212167511,266.209125329635
1.153836914499201,0.138813502519058,-0.21509655260061805,3.2235733427362008,3.09194365518182,262.111418785182
1.153536914514819,0.139440137405053,-0.21535947984480344,3.221282522018361,3.09136909778089,258.077277486212
1.1532369145305448,0.14006186676574,-0.2156182162642134,3.2189835624096483,3.09079752479419,254.10560972052
1.1529369145464332,0.140678758110909,-0.21587280967587463,3.2166763740974598,3.09022891710693,250.195346676599
1.1526369145624245,0.141290876839922,-0.2161233066437772,3.2143608680579496,3.08966325622232,246.345443336269
1.152336914578334,0.141898286320698,-0.21636975251568366,3.212036956093101,3.08910052424446,242.554874996895
1.152036914594679,0.142501047966166,-0.21661219147327004,3.209704550618671,3.0885407038589,238.822638145076
1.1517369146110124,0.143099221306335,-0.21685066654999857,3.2073635650312418,3.08798377831595,235.147756485478
1.1514369146274568,0.143692864057438,-0.21708521968618327,3.2050139133214444,3.08742973141342,231.529267855955
1.1511369146439498,0.144282032187479,-0.21731589175321028,3.2026555102493526,3.08687854748124,227.966230868915
1.1508369146606507,0.144866779979224,-0.21754272258982943,3.2002882713023584,3.08633021136538,224.457723859837
1.1505369146774336,0.145447160090057,-0.21776575103193369,3.1979121126833463,3.08578470841328,221.002844418753
1.1502369146943994,0.146023223609163,-0.21798501494490224,3.195526951307315,3.08524202445971,217.60070783144
1.1499369147115046,0.146595020112528,-0.21820055125117543,3.193132704795204,3.08470214581241,214.250447150766
1.149636914728744,0.147162597715108,-0.21841239596010126,3.1907292914645593,3.08416505923921,210.951212768693
1.1493369147461197,0.147726003121028,-0.21862058419331887,3.1883166303324773,3.08363075195508,207.702172044897
1.1490369147636441,0.148285281671577,-0.21882515021182092,3.185894641110919,3.08309921160948,204.502508178067
1.148736914781308,0.148840477391069,-0.21902612744095837,3.1834632441992623,3.08257042627491,201.351420669604
1.1484369147991196,0.149391633030999,-0.21922354849394915,3.18102236069028,3.08204438443492,198.248124059899
1.1481369148171054,0.149938790112223,-0.21941744519558914,3.178571912365356,3.08152107497304,195.191848031956
1.1478369148352265,0.150481988965519,-0.21960784860416802,3.176111821696809,3.08100048716206,192.181838066724
1.147536914853552,0.151021268770407,-0.21979478903389532,3.173642011846418,3.08048261065337,189.217352288496
1.1472369148720332,0.151556667592558,-0.2199782960745461,3.1711624066714137,3.079967435467,186.297663833018
1.1469369148907411,0.152088222419706,-0.2201583986132179,3.168672930722445,3.07945495198152,183.422059153702
1.1466369149093478,0.152615969196034,-0.22033512484882978,3.1661735092415104,3.07894515092485,180.589838097433
1.1463369149283786,0.153139942855316,-0.22050850232134847,3.1636640681901205,3.07843802336499,177.800313401319
1.1460369149476057,0.153660177353039,-0.22067855791764063,3.161144534217427,3.07793356070058,175.052810412813
1.1457369149669838,0.15417670569689,-0.22084531789507886,3.158614834696187,3.07743175465269,172.346666576699
1.1454369149865251,0.154689559976396,-0.22100880789865313,3.156074897709306,3.0769325972563,169.681232301884
1.1451369150062565,0.155198771391499,-0.22116905297611839,3.153524652063708,3.07643608085174,167.055869029893
1.144836915026191,0.155704370279874,-0.22132607759330863,3.1509640272939223,3.07594219807705,164.469949427648
1.1445369150463622,0.156206386143653,-0.22147990565048498,3.148392953677013,3.07545094185968,161.922857934867
1.1442369150667504,0.156704847674731,-0.22163056049548074,3.14581136222698,3.07496230540952,159.413989730174
1.1439369150873206,0.157199782779603,-0.2217780649402471,3.1432191847125424,3.07447628221094,156.942750754242
1.1436369151081038,0.15769121860305,-0.22192244127253397,3.1406163536624705,3.07399286601617,154.508557324706
1.1433369151290929,0.158179181551331,-0.22206371127046737,3.138002802376473,3.07351205083742,152.110836278954
1.1430369151503288,0.158663697314283,-0.22220189621540798,3.1353784649296905,3.07303383094072,149.749023997071
1.142736915171811,0.159144790886865,-0.222337016904007,3.1327432761881777,3.07255820083892,147.422566956448
1.1424369151934632,0.159622486590194,-0.22246909366110917,3.130097171814823,3.07208515528438,145.130921104781
1.1421369152154777,0.160096808090956,-0.22259814635101532,3.1274400882863675,3.07161468926565,142.873551766815
1.1418369152376662,0.160567778422103,-0.22272419438930918,3.124771962892715,3.07114679799554,140.649933354051
1.1415369152600963,0.16103542000067,-0.22284725675411152,3.1220927337601987,3.07068147691032,138.459549328583
1.1412369152828106,0.161499754646605,-0.22296735199654977,3.119402339857377,3.07021872166107,136.301891852373
1.140936915305739,0.161960803600466,-0.2230844982514531,3.1167007210063815,3.06975852810801,134.176461615785
1.1406369153290268,0.162418587540373,-0.22319871324798246,3.1139878178984217,3.06930089231605,132.082767771686
1.1403369153525706,0.162873126599292,-0.22331001431937875,3.111263572101656,3.06884581054631,130.020327650909
1.1400369153763257,0.163324440380665,-0.22341841841101626,3.1085279260789758,3.06839327925334,127.988665876614
1.139736915400417,0.163772547974431,-0.22352394209360263,3.105780823198828,3.06794329507846,125.987317579412
1.1394369154247939,0.164217467972362,-0.22362660156849665,3.1030222077463865,3.06749585484402,124.015822047111
1.1391369154494675,0.164659218482862,-0.22372641267878973,3.1002520249406498,3.06705095554873,122.07372867945
1.1388369154744455,0.165097817145472,-0.22382339091731618,3.0974702209453184,3.06660859436214,120.160593089388
1.1385369154996274,0.165533281144929,-0.22391755143318517,3.094676742893686,3.06616876861948,118.27597834587
1.1382369155258505,0.165965627224926,-0.22400890905559673,3.0918715388288582,3.06573147581651,116.419455070075
1.1379369155513568,0.166394871701221,-0.22409747825522064,3.089054557947252,3.0652967136057,114.590600371592
1.1376369155776165,0.166821030475079,-0.22418327322466608,3.086225750241366,3.06486447978814,112.788998339824
1.1373369156042585,0.167244119045326,-0.2242663078235701,3.083385066848078,3.06443477231377,111.014239786497
1.1370369156313982,0.167664152521308,-0.2243465956154057,3.0805324599033646,3.06400758927047,109.265922033243
1.1367369156587652,0.168081145634301,-0.22442414986671924,3.077667882585231,3.06358292888579,107.543649219507
1.1364369156864607,0.168495112749813,-0.22449898355777984,3.074791289138596,3.06316078951613,105.84703044614
1.1361369157145287,0.168906067878588,-0.2245711093874079,3.0719026348827265,3.06274116964682,104.175683009904
1.1358369157429817,0.169314024687977,-0.22464053978009896,3.069001876227976,3.06232406788537,102.529228860449
1.1355369157718278,0.169718996512802,-0.2247072868932671,3.0660889706872827,3.06190948295741,100.907296484689
1.1352369158010456,0.170120996365999,-0.22477136262237596,3.063163876899637,3.0614974137023,99.3095201181079
1.1349369158306937,0.170520036949013,-0.22483277860959902,3.06022655463508,3.06108785906871,97.7355393862266
1.1346369158607232,0.17091613066197,-0.2248915462475849,3.0572769648146227,3.06068081811033,96.1849999665522
1.1343369158911818,0.171309289613637,-0.22494767668723936,3.054315069526108,3.06027628998114,94.6575529258153
1.134036915922101,0.171699525630978,-0.22500118084297469,3.0513408320368933,3.05987427393292,93.1528547496526
1.1337369159534532,0.17208685026895,-0.2250520693983657,3.048354216811295,3.05947476930778,91.6705672522291
1.1334369159847584,0.172471274819504,-0.22510035281182794,3.0453551895101727,3.05907777553715,90.2103574736614
1.1331369160171239,0.172852810320818,-0.2251460413253545,3.0423437170536705,3.05868329213618,88.7718974811444
1.132836916049793,0.173231467566174,-0.2251891449635246,3.039319767562584,3.05829131869971,87.3548648155954
1.1325369160831036,0.173607257112627,-0.22522967354425238,3.036283310436687,3.0579018548991,85.9589413230235
1.1322369161168442,0.173980189289493,-0.22526763668245658,3.0332343163258364,3.05751490047681,84.5838146439862
1.1319369161510506,0.174350274206946,-0.2253030437949785,3.030172757173268,3.05713045524351,83.2291749639683
1.131636916185776,0.174717521763834,-0.22533590410589854,3.0270986062159135,3.05674851907396,81.8947205139527
1.1313369162210325,0.175081941655909,-0.22536622665138484,3.0240118380001038,3.05636909190302,80.5801517991011
1.1310369162568152,0.175443543383602,-0.22539402028471325,3.0209124283961337,3.05599217372179,79.2851744632911
1.130736916293145,0.175802336259719,-0.22541929368095187,3.0178003546107632,3.05561776457387,78.0094985514351
1.1304369163299914,0.176158329417021,-0.22544205534175993,3.01467559520073,3.05524586455154,76.7528386263708
1.1301369163674932,0.176511531815344,-0.22546231359996627,3.0115381300875104,3.05487647379227,75.5149134911
1.1298369164055193,0.176861952249338,-0.22548007662397654,3.0083879405656564,3.05450959247427,74.2954460201701
1.1295369164441373,0.177209599355007,-0.22549535242245994,3.005225009318777,3.05414522081418,73.0941634019272
1.129236916483408,0.177554481616864,-0.22550814884842957,3.0020493204316248,3.05378335906199,71.9107971805442
1.12893691652329,0.177896607374979,-0.22551847360408775,2.9988608593992936,3.05342400749836,70.7450819122501
1.128636916563806,0.178235984831219,-0.2255263342440552,2.995659613141963,3.05306716643079,69.5967573817754
1.1283369166049233,0.178572622056039,-0.22553173818020594,2.9924455700126065,3.05271283619016,68.4655665399661
1.1280369166467699,0.178906526994829,-0.22553469268662535,2.9892187198119764,3.05236101712731,67.3512562969468
1.1277369166892384,0.179237707474213,-0.22553520490134732,2.9859790537864397,3.05201170960916,66.2535772193402
1.1274369167324925,0.179566171207961,-0.2255332818320433,2.98272656466537,3.05166491401622,65.1722840106365
1.1271369167763643,0.17989192580354,-0.22552893035926452,2.979461246639267,3.05132063073827,64.1071343363872
1.1268369168210124,0.180214978767457,-0.22552215724095304,2.9761830953901,3.05097886017139,63.0578899853741
1.1265369168663493,0.180535337511363,-0.22551296911499796,2.972892108087139,3.05063960271551,62.0243159157814
1.1262369169126056,0.180853009357369,-0.22550137250390487,2.9695882834067877,3.05030285876961,61.0061807454973
1.1259369169595295,0.181168001544204,-0.2254873738169849,2.9662716215320883,3.04996862872938,60.0032564595292
1.1256369170072187,0.181480321231967,-0.22547097935583713,2.962942124162906,3.04963691298428,59.0153182018929
1.1253369170556367,0.181789975507878,-0.22545219531677146,2.959599794524319,3.04930771191392,58.0421451582437
1.1250369171050876,0.182096971390948,-0.22543102779409757,2.95624463737268,3.04898102588554,57.0835187296755
1.1247369171551678,0.182401315838026,-0.22540748278355321,2.952876658993966,3.0486568552501,56.1392240082575
1.1244369172063498,0.182703015747378,-0.22538156618595107,2.949495867228374,3.04833520034027,55.2090493067037
1.1241369172583275,0.183002077964993,-0.22535328381002706,2.946102271451015,3.04801606146681,54.292785949301
1.1238369173111047,0.183298509288337,-0.2253226413757279,2.942695882593005,3.04769943891599,53.3902279840857
1.1235369173648129,0.183592316470931,-0.22528964451719086,2.939276713142031,3.0473853329467,52.5011736512396
1.123236917419624,0.183883506227859,-0.22525429878679176,2.93584477714528,3.0470737437875,51.6254224861628
1.1229369174753576,0.184172085239101,-0.225216609656449,2.932400090206487,3.04676467163404,50.7627779753931
1.1226369175320836,0.184458060154352,-0.22517658252166078,2.928942669496678,3.04645811664626,49.9130462362802
1.1223369175898599,0.184741437597128,-0.2251342227043149,2.925472533752394,3.0461540789458,49.0760361885174
1.1220369176488756,0.185022224168843,-0.2250895354555728,2.921989703279717,3.04585255861326,48.251559544048
1.1217369177087928,0.185300426452811,-0.2250425259573606,2.9184941999425242,3.04555355568579,47.439430772931
1.1214369177698087,0.185576051018053,-0.22499319932761536,2.9149860471774653,3.04525707015457,46.639467033783
1.1211369178315762,0.185849104423157,-0.22494156061991752,2.9114652699900874,3.04496310196231,45.8514881864768
1.1208369178948445,0.186119593219863,-0.22488761483016767,2.907931894953602,3.04467165100083,45.0753165198071
1.1205369179595315,0.186387523956662,-0.2248313668946587,2.9043859502026406,3.04438271710884,44.3107771243491
1.1202369180251868,0.186652903182214,-0.22477282169455087,2.9008274654224726,3.04409630006951,43.5576975622775
1.1199369180919918,0.186915737448845,-0.22471198405905213,2.8972564718686282,3.04381239960827,42.8159078467415
1.1196369181602388,0.187176033315306,-0.22464885876763868,2.8936730023532338,3.04353101539112,42.0852405394206
1.1193369182297064,0.187433797350742,-0.224583450550661,2.8900770912290112,3.04325214702136,41.3655305110584
1.1190369183004716,0.187689036136974,-0.22451576409368057,2.886468774400568,3.04297579403882,40.656615176229
1.1187369183726128,0.187941756271758,-0.22444580403870312,2.882848089312498,3.04270195591709,39.9583341043366
1.1184369184461422,0.188191964371613,-0.2243735749865594,2.8792150749425622,3.04243063206188,39.2705296289656
1.1181369185210945,0.188439667074507,-0.2242990814990035,2.8755697717966227,3.04216182180904,38.5930457952282
1.1178369185972516,0.18868487104272,-0.22422232810092263,2.8719122218973823,3.0418955244228,37.9257292334532
1.1175369186754522,0.188927582964249,-0.22414331928219067,2.8682424687945187,3.04163173909396,37.26842877414
1.1172369187549318,0.189167809557488,-0.22406205949957286,2.8645605575210924,3.04137046493832,36.6209955898671
1.116936918835978,0.189405557571332,-0.22397855317905582,2.8608665346187045,3.04111170099496,35.983282754041
1.116636918918643,0.189640833788494,-0.2238928047172803,2.8571604481104678,3.04085544622467,35.3551451765943
1.1163369190029357,0.189873645027475,-0.2238048184838376,2.8534423474955575,3.04060169950854,34.7364405447689
1.1160369190889883,0.190103998144388,-0.22371459882234576,2.84971228373906,3.04035045964643,34.1270278369218
1.115736919176791,0.190331900035237,-0.22362215005267966,2.8459703092580337,3.04010172535567,33.526769478454
1.1154369192662972,0.19055735763749,-0.22352747647235965,2.8422164779095236,3.03985549526975,32.9355285033688
1.1151369193576683,0.190780377931931,-0.2234305823589639,2.83845084498057,3.03961176793703,32.3531704268257
1.1148369194509877,0.191000967944247,-0.2233314719708824,2.8346734671795577,3.03937054181966,31.7795626958246
1.1145369195463881,0.191219134746648,-0.22323014954747225,2.830884402605163,3.03913181529236,31.2145746112084
1.1142369196436381,0.191434885459277,-0.2231266193145288,2.827083710751504,3.0388955866415,30.6580776795708
1.1139369197423838,0.191648227251605,-0.22302088548179017,2.823271452469477,3.03866185406403,30.1099448414681
1.1136369198443852,0.19185916734366,-0.22291295224463,2.819447690040679,3.0384306156666,29.5700513399444
1.1133369199480316,0.192067713007238,-0.22280282378920563,2.8156124869723564,3.03820186946475,29.0382736280396
1.1130369200539834,0.192273871567024,-0.22269050428967546,2.811765908183438,3.03797561338208,28.514490509602
1.1127369201623507,0.19247765040155,-0.22257599790937516,2.807908019872703,3.03775184524959,27.9985821977863
1.1124369202729216,0.192679056944099,-0.22245930880455306,2.804038889535347,3.03753056280498,27.490431141032
1.1121369203853253,0.192878098683856,-0.22234044112477847,2.8001585859309523,3.03731176369208,26.9899210256375
1.111836920501207,0.193074783165189,-0.22221939901133084,2.796267179124329,3.03709544546049,26.4969373869443
1.1115369206192902,0.193269117991254,-0.22209618660364605,2.792364740348452,3.03688160556478,26.011367450415
1.111236920739918,0.193461110821598,-0.2219708080344674,2.7884513420975727,3.0366702413644,25.533100063454
1.110936920863364,0.193650769373954,-0.2218432674340376,2.784527058061116,3.03646135012332,25.0620257094968
1.1106369209892364,0.19383810142468,-0.22171356892976904,2.7805919630974927,3.03625492900966,24.5980364783301
1.1103369211188525,0.19402311480887,-0.22158171664935974,2.7766461332540784,3.03605097509556,24.1410260350789
1.1100369212510324,0.194205817420683,-0.22144771471694516,2.7726896456771,3.03584948535704,23.6908896677642
1.1097369213858579,0.194386217213441,-0.22131156725819276,2.7687225786515324,3.03565045667392,23.2475239812413
1.1094369215243227,0.194564322199798,-0.2211732784001077,2.764745011577479,3.03545388582981,22.8108273192188
1.1091369216659928,0.194740140452007,-0.22103285227035266,2.7607570249057036,3.03525976951204,22.3806994463094
1.1088369218117147,0.194913680100364,-0.2208902929974768,2.7567587001621487,3.03506810431236,21.9570414856205
1.1085369219603716,0.195084949336191,-0.22074560471385127,2.752750119876332,3.03487888672591,21.5397562482311
1.1082369221120147,0.195253956408514,-0.22059879155387674,2.7487313676038894,3.03469211315266,21.1287477732103
1.107936922267522,0.195420709625641,-0.2204498576573576,2.7447025279041424,3.03450777989702,20.7239215568669
1.1076369224284697,0.19558521735287,-0.22029880716661077,2.7406636863084657,3.03432588316853,20.325184477255
1.107336922592269,0.195747488015604,-0.22014564422711397,2.736614929226885,3.03414641908182,19.9324447841221
1.1070369227594434,0.195907530095677,-0.2199903729905211,2.7325563440371967,3.03396938365741,19.5456120804585
1.1067369229318031,0.196065352130667,-0.21983299761377179,2.7284880190262144,3.03379477282244,19.1645974192202
1.10643692310857,0.196220962716919,-0.21967352225889702,2.7244100433202996,3.03362258241034,18.78931263419
1.1061369232902352,0.196374370505092,-0.21951195109243216,2.720322506912245,3.03345280816232,18.4196717705825
1.1058369234755512,0.196525584201446,-0.21934828828654435,2.7162255005846774,3.03328544572753,18.0555891021087
1.105536923666877,0.196674612565404,-0.21918253802116355,2.712119115977435,3.03312049066442,17.6969807571594
1.1052369238628974,0.196821464411597,-0.21901470448014315,2.7080034454538344,3.03295793844026,17.343764263482
1.1049369240640106,0.196966148606264,-0.21884479185435754,2.703878582149372,3.03279778443314,16.9958578348865
1.1046369242704128,0.197108674067746,-0.2186728043405416,2.699744619928058,3.03264002393224,16.6531814718472
1.1043369244821692,0.197249049764856,-0.21849874614170606,2.6956016533478158,3.03248465213871,16.3156554161474
1.1040369247012278,0.197387284715855,-0.218322621467696,2.691449777679148,3.03233166416722,15.9832018591073
1.1037369249245705,0.197523387989596,-0.21814443453211435,2.6872890887683996,3.03218105504544,15.6557439025858
1.1034369251563174,0.197657368699545,-0.21796418955836777,2.68311968319597,3.03203281971717,15.3332057927437
1.1031369253935115,0.197789236008736,-0.21778189077167992,2.67894165804244,3.03188695304129,15.015512734284
1.102836925637589,0.197918999123759,-0.2175975424060328,2.6747551110386274,3.03174344979432,14.7025912732958
1.1025369258886601,0.198046667295831,-0.21741114869933886,2.670560140441516,3.03160230467091,14.3943686932573
1.1022369261475353,0.198172249819032,-0.21722271389616252,2.666356845058174,3.03146351228509,14.0907735022772
1.101936926414045,0.198295756029107,-0.21703224224522966,2.662145324184729,3.0313270671715,13.7917350815422
1.101636926687764,0.198417195302521,-0.21683973800022724,2.6579256775951174,3.0311929637865,13.4971842385331
1.1013369269714546,0.198536577053324,-0.21664520542141139,2.6536980055686787,3.03106119650979,13.2070521110113
1.1010369272632299,0.198653910735104,-0.2164486487705556,2.6494624087525933,3.03093175964504,12.9212712189225
1.1007369275642582,0.198769205836564,-0.2162500723153085,2.64521898825019,3.0308046474218,12.6397749611085
1.1004369278749484,0.198882471881415,-0.21604948032674387,2.6409678455371264,3.03067985399655,12.3624975930773
1.1001369281952398,0.198993718426847,-0.21584687707862737,2.63670908244662,3.03055737345411,12.089374307161
1.099836928525556,0.199102955061896,-0.21564226684821858,2.6324428011604057,3.03043719980904,11.8203412214833
1.0995369288676504,0.199210191406104,-0.21543565391670944,2.628169104194197,3.03031932700705,11.5553350015195
1.0992369292215425,0.199315437107774,-0.21522704256540082,2.6238880943321283,3.03020374892637,11.2942938258025
1.0989369295883096,0.199418701842969,-0.21501643707866294,2.6195998746469846,3.03009045937926,11.0371563252558
1.0986369299660679,0.199519995313333,-0.21480384173878259,2.6153045484034534,3.02997945211345,10.7838614358612
1.098336930357974,0.199619327245057,-0.21458926083408159,2.6110022191825695,3.02987072081363,10.5343495272962
1.0980369307640052,0.199716707386997,-0.21437269864974384,2.6066929907101963,3.02976425910291,10.2885614781314
1.097736931185354,0.199812145509401,-0.21415415947221747,2.602376966914083,3.02966006054438,10.0464388937939
1.097436931621675,0.199905651401947,-0.2139336475847849,2.5980542518569663,3.02955811864259,9.8079241253917
1.0971369320745596,0.199997234872403,-0.21371116727191958,2.5937249497677692,3.02945842684514,9.57296008177697
1.096836932545262,0.200086905745367,-0.21348672281603875,2.589389164988035,3.02936097854412,9.34149052089369
1.0965369330339145,0.200174673859961,-0.21326031849545732,2.5850470019348393,3.02926576707781,9.11345953318954
1.0962369335412898,0.200260549068936,-0.21303195858646184,2.5806985651112413,3.02917278573199,8.88881196848885
1.0959369340694716,0.200344541236208,-0.21280164736268958,2.576343959091383,3.02908202774195,8.6674931695916
1.0956369346194181,0.200426660236257,-0.2125693890923308,2.5719832884690463,3.02899348629359,8.44944896975713
1.0953369351924285,0.200506915951893,-0.21233518803952206,2.5676166578541206,3.02890715452524,8.23462569886049
1.0950369357901772,0.200585318272782,-0.21209904846293534,2.5632441718572654,3.02882302552924,8.02297008620629
1.0947369364134691,0.200661877094201,-0.21186097461457015,2.5588659350512564,3.02874109235336,7.81442922817009
1.0944369370646143,0.200736602314661,-0.21162097074085695,2.5544820519861773,3.02866134800267,7.60895057525124
1.0941369377453012,0.20080950383516,-0.21137904108050687,2.550092627140674,3.0285837854408,7.40648182895274
1.093836938456667,0.200880591557243,-0.21113518986362623,2.54569776490448,3.0285083975917,7.20697086992577
1.0935369392019691,0.200949875381454,-0.21088942131418564,2.541297569599269,3.02843517734114,7.01036571837589
1.0932369399858242,0.201017365204831,-0.21064173964687424,2.5368921454499502,3.02836411753896,6.81661454601544
1.092936940807188,0.20108307092216,-0.21039214906272893,2.532481596465187,3.02829521099881,6.62566539072998
1.0926369416696178,0.201147002421188,-0.21014065375561425,2.528066026567381,3.02822845050181,6.43746618796094
1.0923369425773681,0.201209169582797,-0.20988725790904011,2.523645539526165,3.02816382879699,6.25196468743428
1.0920369435301185,0.20126958227972,-0.20963196569047216,2.519220238854901,3.02810133860279,6.06910812592947
1.09173694453837,0.20132825037293,-0.20937478126456063,2.5147902280326258,3.02804097260965,5.88884358988213
1.091436945606037,0.201385183712614,-0.20911570877697222,2.5103556102209885,3.02798272348036,5.71111717604995
1.0911369467324237,0.201440392137059,-0.2088547523555087,2.5059164882857567,3.02792658385129,5.5358742436039
1.0908369479250297,0.201493885468109,-0.2085919161207042,2.5014729649653646,3.02787254633557,5.36305884278019
1.090536949190647,0.201545673512195,-0.20832720417739725,2.4970251427313426,3.02782060352327,5.19261380758462
1.0902369505370313,0.201595766058132,-0.20806062061571656,2.492573123795936,3.02777074798339,5.02448085309164
1.0899369519673887,0.201644172876345,-0.2077921695051484,2.488117010010706,3.02772297226479,4.85859871515382
1.0896369534992174,0.20169090371516,-0.20752185491114017,2.483656903142414,3.02767726889923,4.69490416398539
1.0893369551300776,0.201735968304161,-0.2072496808633978,2.4791929043443837,3.02763363039986,4.53333183979959
1.0890369568818687,0.201779376346697,-0.2069756513956939,2.474725114805295,3.02759204926644,4.37381014711158
1.0887369587666031,0.201821137524394,-0.20669977051479826,2.470253635233474,3.0275525179831,4.21626535833024
1.0884369607939741,0.201861261491716,-0.20642204220421678,2.465778565940713,3.02751502902243,4.060617503438
1.08813696297719,0.201899757876953,-0.20614247043123252,2.461300006927872,3.02747957484532,3.9067798352892
1.0878369653559274,0.20193663627782,-0.20586105916859004,2.4568180582267396,3.02744614790422,3.75465733917653
1.0875369679344318,0.201971906266468,-0.2055778123335188,2.452332818944715,3.02741474064104,3.6041444326847
1.0872369707500158,0.202005577381203,-0.2052927338533186,2.4478443882893295,3.02738534549226,3.45512083819908
1.086936973832865,0.202037659129437,-0.20500582762602584,2.4433528649539014,3.0273579548881,3.30745506869506
1.0866369772176552,0.202068160985113,-0.20471709753082196,2.438858347280956,3.02733256125441,3.16098848860336
1.0863369809680976,0.202097092388044,-0.20442654745445785,2.4343609336281724,3.02730915701389,3.0155332108628
1.0860369851293044,0.202124462742473,-0.20413418123926147,2.429860721629324,3.0272877345874,2.87087218078652
1.0857369897768572,0.202150281416069,-0.20384000273508623,2.4253578089304537,3.02726828639517,2.72672718542916
1.0854369950049594,0.202174557738761,-0.20354401578670012,2.420852293025568,3.02725080485807,2.58275431769221
1.085137000917866,0.202197301002332,-0.2032462242239897,2.4163442710633047,3.02723528239842,2.43850521080959
1.0848370076903513,0.202218520456051,-0.2029466319232202,2.4118338408086304,3.02722171144306,2.29337363001767
1.0845370154875762,0.202238225312254,-0.2026452427280324,2.4073210993988146,3.02721008442086,2.14651735653029
1.0842370245762658,0.202256424738748,-0.20234206056121584,2.4028061450130536,3.02720039376749,1.99666572543141
1.0839370353035367,0.202273127861142,-0.20203708940479573,2.398289076557929,3.0271926319247,1.84178932882358
1.0836370481589181,0.202288343760956,-0.20173033336654708,2.3937699945881112,3.02718679134204,1.67822861573045
1.0833370638389763,0.20230208147521,-0.20142179674999677,2.3892490022776087,3.02718286447748,1.49800274160765
1.0830370833930716,0.202314349995047,-0.20111148421092917,2.3847262076237894,3.02718084379894,1.27449170624243
1.0827371084642299,0.202325158264726,-0.2007994010187847,2.3802017270752263,3.02718072178529,1.00000012578996
1.0824371417448906,0.202334515181722,-0.20048555355185205,2.3756756924186204,3.02718249092681,1.00000003229388
1.0821371880892625,0.202342429593675,-0.20016995050083825,2.37114826758679,3.02718614372761,1.00000001243231
1.0818372570574153,0.202348910300397,-0.19985260563185822,2.3666196871235465,3.02719167270477,1.0000000136934
1.081537370560314,0.2023539660507,-0.19953354607860052,2.3620903717437507,3.02719907039085,1.00000000489248
1.0812375921113273,0.20235760554376,-0.19921284408202894,2.3575613705575575,3.02720832933347,1.00000000842138
1.0809382156161564,0.202359837426506,-0.19889082182442056,2.353037215167131,3.0272194420974,1.00000000146523
1.0806490921689722,0.202360670292146,-0.19857817096345645,2.3486669212439946,3.02723240126594,1.00000000932706
1.0803353118810555,0.202360112683652,-0.19823701763921378,2.3439228118193336,3.02724719943914,1.00000000511648
1.0800361478643419,0.202358173086969,-0.19790997621323203,2.3393987005661896,3.02726382923856,1.00000000359422
1.0797364086573755,0.202354859936167,-0.19758056717058534,2.334865010600682,3.02728228330434,1.00000000360763
1.0794365359061286,0.202350181609,-0.19724927282006965,2.3303285042169684,3.02730255429854,1.00000000221898
1.0791366112591123,0.202344146427566,-0.1969161848378619,2.3257905007413404,3.02732463490505,1.00000000301742
1.0788366610668056,0.202336762657347,-0.1965813348671599,2.3212514829220927,3.02734851783065,1.00000000131701
1.0785366964367478,0.202328038506584,-0.19624473797665948,2.3167117024823947,3.02737419580567,1.00000000042946
1.0782367228562353,0.202317982126446,-0.19590640310120133,2.3121713255951484,3.02740166158452,1.00000000033744
1.0779367433284244,0.202306601609566,-0.19556633644276555,2.30763048029554,3.02743090794674,1.00000000010889
1.0776367596814733,0.202293904989389,-0.19522454289241545,2.3030892762548847,3.02746192769791,1.00000000361585
1.0773367730219845,0.202279900240495,-0.1948810265204805,2.2985478116526106,3.02749471366985,1.000000002323
1.077036784113611,0.202264595277805,-0.19453579098791385,2.2940061788889716,3.02752925872138,1.00000000095555
1.0767367934950896,0.202247997955362,-0.19418883967430392,2.2894644663591244,3.02756555573953,1.00000000100118
1.076436801526683,0.20223011606659,-0.19384017572735404,2.2849227591695707,3.02760359763967,1.00000000065909
1.0761368084803375,0.202210957343144,-0.19348980215944206,2.2803811404863277,3.02764337736664,1.00000000311427
1.0758368145549362,0.202190529455209,-0.1931377218661638,2.2758396917745713,3.02768488789482,1.00000000074744
1.0755368199111617,0.202168840010903,-0.19278393766342833,2.271298493315505,3.0277281222289,1.00000000218326
1.0752368246709154,0.202145896555542,-0.1924284522856277,2.2667576242002276,3.02777307340468,1.00000000175623
1.0749368289310466,0.202121706571447,-0.192071268401127,2.2622171625362917,3.02781973448944,1.00000000061235
1.0746368327511548,0.202096277476006,-0.19171238859629955,2.2576771852628656,3.02786809858351,1.0000000002368
1.0743368362134218,0.202069616625223,-0.19135181544646357,2.253137769049359,3.02791815881842,1.0000000000348
1.0740368393595539,0.202041731309275,-0.19098955144042923,2.248598989350624,3.02796990835984,1.00000000184552
1.0737368422242,0.202012628753219,-0.19062559901939444,2.244060920902706,3.02802334040762,1.00000000138822
1.0734368448529277,0.201982316118737,-0.19025996059833283,2.239523637997071,3.02807844819478,1.00000000046914
1.0731368472703626,0.201950800500887,-0.18989263852768223,2.23498721399997,3.02813522499004,1.00000000030075
1.0728368494999982,0.201918088929448,-0.18952363511692744,2.230451721648972,3.0281936640971,1.00000000097116
1.0725368515654181,0.201884188368335,-0.18915295263537119,2.2259172330719705,3.0282537588554,1.00000000124522
1.072236853482626,0.201849105715166,-0.18878059330295616,2.221383819674867,3.02831550264057,1.0000000006785
1.0719368552662611,0.20181284780068,-0.18840655929785807,2.21685155222663,3.02837888886513,1.00000000020253
1.0716368569323929,0.201775421389009,-0.1880308527592573,2.2123205009087235,3.02844391097854,1.00000000119043
1.0713368584869833,0.201736833176906,-0.18765347577381525,2.2077907351378734,3.02851056246798,1.00000000042689
1.0710368599465414,0.201697089793906,-0.18727443039959718,2.2032623238780356,3.02857883685847,1.00000000005213
1.070736861317561,0.201656197801792,-0.18689371864246815,2.1987353353280117,3.02864872771345,1.00000000005597
1.0704368626059972,0.201614163694227,-0.18651134246624027,2.1942098370709995,3.02872022863532,1.00000000114628
1.0701368638215785,0.2015709938969,-0.1861273037983264,2.1896858961327306,3.02879333326549,1.0000000001326
1.0698368649688241,0.201526694766747,-0.18574160451887609,2.185163578847942,3.0288680352852,1.00000000042884
1.06953686605446,0.20148127259229,-0.18535424646963916,2.1806429509729393,3.02894432841548,1.00000000021581
1.0692368670827008,0.201434733592942,-0.18496523144814625,2.1761240776147197,3.02902220641784,1.00000000072587
1.0689368680568752,0.201387083918873,-0.1845745612095334,2.1716070232561173,3.02910166309462,1.00000000072219
1.0686368689831323,0.201338329651182,-0.18418223747147444,2.1670918518078226,3.029182692289,1.1360637723477
1.068336869864198,0.201288476801154,-0.18378826190519718,2.1625786265209017,3.02926528788582,1.25807274297701
1.0680368707024916,0.201237531310063,-0.1833926361429909,2.1580674100276704,3.02934944381183,1.34687093602947
1.0677368715020032,0.201185499049442,-0.18299536177531533,2.15355826437282,3.02943515403579,1.42238282476837
1.0674368722649148,0.201132385820547,-0.18259644035006,2.14905125096489,3.02952241256896,1.49008059941676
1.0671368729937276,0.20107819735401,-0.18219587337430482,2.144546430603442,3.02961121346562,1.55240435397907
1.066836873691227,0.20102293930994,-0.18179366231461663,2.1400438634803374,3.02970155082314,1.61068678122417
1.0665368743593115,0.200966617277435,-0.18138980859492201,2.135543609163715,3.02979341878252,1.66574641338239
1.066236874999145,0.200909236774523,-0.18098431359751227,2.1310457266002416,3.02988681152868,1.71812665205373
1.0659368756136902,0.200850803248142,-0.18057717866581846,2.126550274149775,3.02998172329058,1.76820899535205
1.0656368762064505,0.200791322073302,-0.18016840510275578,2.12205730956613,3.03007814834208,1.81627291980526
1.0653368767699223,0.200730798553817,-0.17975799415770088,2.1175668898375024,3.03017608100158,1.86253019734059
1.065036877317373,0.200669237921091,-0.17934594706335316,2.11307907163269,3.03027551563304,1.90714578024327
1.0647368778425164,0.200606645334723,-0.17893226498871126,2.108593910730521,3.03037644664579,1.95025116057563
1.0644368783439935,0.200543025881949,-0.1785169490678839,2.104111462368996,3.03047886849509,1.99195327056621
1.0641368788330783,0.200478384577038,-0.17810000040970947,2.099631781345278,3.03058277568273,2.03234058293218
1.0638368793039148,0.200412726362073,-0.177681420061811,2.0951549216055136,3.0306881627567,2.07148742231676
1.0635368797579554,0.200346056105922,-0.17726120904038106,2.090680936584241,3.03079502431209,2.10945708027934
1.063236880194435,0.200278378603469,-0.17683936831800096,2.086209879064202,3.03090335499183,2.1463041109746
1.0629368806148416,0.200209698577279,-0.1764158988308655,2.0817418012496094,3.03101314948568,2.18207607303247
1.0626368810238298,0.200140020675479,-0.17599080147831114,2.077276754767402,3.03112440253196,2.21681483550598
1.062336881419599,0.200069349472411,-0.17556407711198863,2.0728147905374588,3.03123710891725,2.25055760793877
1.0620368818028953,0.199997689468253,-0.17513572654690035,2.0683559588972162,3.03135126347689,2.28333772198474
1.061736882174163,0.199925045088382,-0.17470575055771095,2.063900309557493,3.03146686109559,2.31518527329729
1.0614368825334506,0.199851420684008,-0.17427414987976428,2.059447891601841,3.0315838967072,2.34612763427345
1.0611368828825625,0.1997768205307,-0.17384092521032085,2.054998753516508,3.03170236529596,2.37618986430062
1.0608368832200727,0.199701248828889,-0.17340607720356133,2.0505529431154432,3.03182226189634,2.40539501028447
1.0605368835477846,0.199624709703339,-0.1729696064786326,2.0461105076329646,3.03194358159365,2.4337644279388
1.060236883866153,0.199547207203382,-0.1725315136144298,2.041671493657236,3.03206631952403,2.46131797579719
1.059936884176023,0.199468745301725,-0.17209179915094117,2.037235947149856,3.03219047087557,2.48807422147841
1.0596368844769541,0.199389327894348,-0.17165046358800035,2.032803913421448,3.03231603088858,2.51405055480148
1.059336884769574,0.199308958800664,-0.17120750738830756,2.0283754371652787,3.03244299485568,2.53926344309926
1.059036885054615,0.199227641762508,-0.1707629309761874,2.023950562435841,3.03257135812281,2.56372843867841
1.058736885335013,0.199145380444585,-0.17031673474091247,2.0195293326818597,3.03270111608903,2.58746017282432
1.0584368856021404,0.199062178433016,-0.16986891901813847,2.0151117905500717,3.03283226420795,2.61047270783241
1.0581368858649025,0.19897803923605,-0.16941948412900426,2.0106979782810344,3.0329647979873,2.6327794060255
1.0578368861240781,0.198892966282831,-0.16896843034605855,2.006287937354518,3.03309871299021,2.6543930627162
1.0575368863736199,0.198806962923579,-0.16851575789569215,2.001881708510218,3.03323400483521,2.67532592670909
1.0572368866186364,0.198720032428809,-0.16806146698102215,1.9974793319835444,3.03337066919712,2.69558979295267
1.056936886854348,0.19863217798875,-0.1676055577553295,1.993080847215083,3.03350870180773,2.71519599620304
1.0566368870864213,0.198543402713201,-0.16714803034845865,1.9886862931259128,3.03364809845619,2.73415547470318
1.0563368873125967,0.198453709630927,-0.16668888484283137,1.9842957078640655,3.03378885498964,2.75247879618153
1.0560368875340789,0.198363101689507,-0.16622812128957049,1.9799091289543131,3.03393096731373,2.77017618265424
1.0557368877504023,0.198271581753919,-0.16576573970004593,1.9755265932247252,3.03407443139384,2.78725753023652
1.0554368879617702,0.198179152606774,-0.16530174005080556,1.9711481368291475,3.03421924325529,2.80373246243666
1.0551368881674557,0.198085816947263,-0.16483612228056801,1.9667737952285715,3.03436539898438,2.81961029573625
1.0548368883690862,0.197991577391549,-0.16436888629585455,1.9624036032264107,3.03451289472838,2.8349001019598
1.0545368885669077,0.19789643647108,-0.16390003196547243,1.9580375949123021,3.03466172669718,2.84961072137768
1.0542368887605544,0.197800396632059,-0.1634295591213051,1.953675803666488,3.03481189116398,2.86375074587375
1.0539368889493503,0.197703460235056,-0.16295746755945476,1.9493182621595162,3.03496338446592,2.87732856697714
1.0536368891347752,0.197605629554929,-0.16248375704432322,1.9449650023797378,3.03511620300448,2.8903523611524
1.0533368893164248,0.197506906779141,-0.1620084273021881,1.9406160555729182,3.03527034324712,2.90283012425882
1.0530368894944713,0.197407294007537,-0.16153147802529808,1.936271452265905,3.03542580172782,2.91476965665741
1.0527368896688842,0.19730679325145,-0.16105290887101914,1.9319312222528617,3.0355825750481,2.92617859635939
1.0524368898400858,0.197205406433017,-0.16057271946271795,1.9275953945930362,3.03574065987801,2.93706441284817
1.0521368900096455,0.197103135384262,-0.1600909093909308,1.9232639976179369,3.03590005295713,2.94743441722059
1.0518368901748918,0.196999981846994,-0.1596074782066414,1.9189370588487402,3.03606075109515,2.95729575625627
1.0515368903360844,0.196895947470101,-0.15912242542987942,1.914614605082114,3.03622275117431,2.96665544839863
1.0512368904946003,0.196791033810885,-0.1586357505494259,1.9102966623595594,3.03638605014885,2.97552037269137
1.050936890649386,0.19668524233254,-0.15814745301605745,1.9059832559130483,3.0365506450474,2.98389726264681
1.0506368908007375,0.196578574404748,-0.1576575322498357,1.9016744102080905,3.03671653297293,2.99179272900083
1.050336890951393,0.196471031300303,-0.15716598764029485,1.8973701489361523,3.03688371110596,2.99921325337115
1.0500368910985567,0.19636261419629,-0.156672818535846,1.8930704949195625,3.03705217670403,3.00616520609017
1.0497368912428442,0.196253324172048,-0.1561780242568113,1.8887754702020865,3.03722192710387,3.01265483838028
1.049436891384678,0.19614316220863,-0.15568160409067405,1.8844850960028294,3.03739295972228,3.01868827977087
1.049136891524907,0.196032129187275,-0.15518355729242134,1.8801993927078842,3.03756527205794,3.02427155991765
1.0488368916629884,0.195920225887976,-0.15468388308250014,1.8759183798361119,3.03773886169306,3.02941059087246
1.0485368917982472,0.195807452988314,-0.154182580648266,1.8716420760426322,3.03791372629489,3.03411120550994
1.0482368919320186,0.195693811063428,-0.15367964914826343,1.867370499142333,3.03808986361627,3.0383791219911
1.0479368920627936,0.195579300582562,-0.1531750877037522,1.8631036660235916,3.03826727149914,3.04221994774695
1.0476368921888035,0.195463921909681,-0.15266889540349277,1.8588415926852269,3.0384459478745,3.04563920922871
1.047336892319314,0.195347675302265,-0.15216107132381707,1.8545842943275601,3.03862589076407,3.04864233299566
1.0470368924439768,0.19523056090651,-0.15165161447407335,1.8503317850201118,3.03880709828496,3.05123467942316
1.0467368925700498,0.195112578760783,-0.15114052386220794,1.8460840780912333,3.03898956864733,3.05342147390543
1.0464368926885075,0.194993728790216,-0.15062779843927476,1.8418411857191326,3.03917330015966,3.05520788409296
1.046136892811584,0.194874010807189,-0.1501134371558325,1.8376031193776379,3.039358291229,3.05659900227233
1.0458368929302664,0.194753424509029,-0.1495974388996859,1.8333698892999428,3.03954454036359,3.05759980913343
1.0455368930445754,0.194631969475839,-0.14907980254000713,1.8291415048263464,3.03973204617548,3.05821521814746
1.0452368931595857,0.19450964516969,-0.1485605269225201,1.8249179743459547,3.0399208073819,3.05845006231107
1.0449368932731362,0.194386450932729,-0.1480396108505186,1.820699305131125,3.04011082280768,3.05830908487364
1.0446368933844707,0.194262385984312,-0.14751705309796348,1.8164855034137335,3.04030209138848,3.05779695890547
1.044336893494448,0.194137449420612,-0.14699285241000826,1.8122765743855704,3.04049461217196,3.05691828511109
1.0440368936033297,0.194011640211738,-0.14646700749945202,1.8080725221398803,3.04068838432105,3.05567757956528
1.0437368937106144,0.1938849571994,-0.1459395170465541,1.8038733496559467,3.04088340711687,3.05407926577508
1.043436893816646,0.193757399095496,-0.1454103797016266,1.7996790587939258,3.04107967996088,3.05212774004113
1.0431368939221373,0.193628964480073,-0.14487959408400874,1.7954896502766384,3.04127720237747,3.04982727810987
1.0428368940257922,0.193499651797856,-0.14434715877862336,1.791305123631461,3.04147597401804,3.04718210349398
1.0425368941279318,0.193369459357538,-0.14381307234126142,1.7871254772160903,3.04167599466252,3.0441963654145
1.0422368942290143,0.193238385328315,-0.14327733329625122,1.782950708171354,3.04187726422347,3.0408741326197
1.0419368943291225,0.193106427738329,-0.14273994013726682,1.778780812413434,3.04207978274845,3.03721941295682
1.0416368944314096,0.192973584470436,-0.14220089132818778,1.7746157846108606,3.04228355042483,3.03323616345754
1.0413368945285146,0.192839853261802,-0.14166018528740487,1.770455618040521,3.04248856758127,3.02892821257168
1.0410368946264232,0.192705231699846,-0.14111782042117382,1.7663003048187609,3.04269483469245,3.02429938092608
1.0407368947217808,0.19256971721879,-0.14057379508855822,1.7621498356105856,3.04290235238327,3.01935338386535
1.0404368948151341,0.19243330709934,-0.140028107623343,1.758004199771824,3.04311112143045,3.01409388070833
1.0401368949091219,0.192295998462741,-0.13948075632988471,1.7538633852798253,3.04332114276897,3.00852444548719
1.0398368950019936,0.192157788269349,-0.13893173947290144,1.7497273786424004,3.04353241749474,3.00264861862083
1.0395368950942947,0.192018673315175,-0.138381055288251,1.7455961649374836,3.04374494686899,2.99646982886291
1.0392368951845012,0.19187865022855,-0.13782870197478753,1.7414697277353415,3.04395873232266,2.98999146609342
1.0389368952749987,0.191737715466763,-0.1372746777058595,1.7373480491460396,3.04417377546088,2.98321683044439
1.0386368953641858,0.19159586531226,-0.13671898061283588,1.7332311096646076,3.04439007806785,2.97614918757757
1.0383368954531502,0.191453095869801,-0.13616160879891642,1.7291188882473767,3.04460764211094,2.96879168594813
1.0380368955407544,0.191309403061207,-0.1356025603288496,1.7250113622004304,3.04482646974706,2.9611474540134
1.0377368956277482,0.191164782623871,-0.13504183323593885,1.7209085072018664,3.0450465633256,2.95321949998758
1.037436895714107,0.191019230104503,-0.1344794255177144,1.71681029722392,3.04526792539586,2.9450108098035
1.037136895799342,0.190872740855762,-0.13391533513484855,1.7127167044995657,3.04549055871182,2.93652426062651
1.0368368958862337,0.190725310033413,-0.1333495600184093,1.7086276995325593,3.04571446623658,2.92776269077137
1.0365368959717283,0.190576932589248,-0.1327820980524943,1.704543250945449,3.04593965115067,2.91872883744841
1.0362368960563408,0.190427603268975,-0.13221294709168746,1.7004633255409027,3.04616611685595,2.90942539261067
1.0359368961388624,0.190277316605879,-0.13164210494940143,1.6963878882057837,3.04639386698341,2.89985493925186
1.0356368962214968,0.190126066916814,-0.13106956940668082,1.692316901921812,3.04662290539895,2.89002006661854
1.035336896300505,0.189973848297476,-0.13049533819751052,1.688250327597225,3.04685323620986,2.87992316332835
1.0350368963819694,0.189820654616767,-0.1299194090311225,1.6841881242350176,3.04708486377226,2.86956667368303
1.034736896462232,0.189666479510645,-0.12934177956223397,1.6801302486161813,3.04731779269908,2.8589528692033
1.0344368965418849,0.189511316377926,-0.12876244741115725,1.6760766554272477,3.04755202786632,2.84808397112897
1.0341368966212743,0.189355158374566,-0.12818141015803378,1.6720272971638948,3.04778757442083,2.83696216167822
1.0338368967009728,0.189197998406596,-0.12759866534010056,1.6679821240642796,3.04802443778942,2.82558950548607
1.0335368967817506,0.189039829124361,-0.1270142104507967,1.6639410840560882,3.04826262368693,2.8139679838493
1.0332368968618706,0.18888064291701,-0.1264280429385014,1.6599041226721285,3.04850213812402,2.80209948662802
1.032936896938028,0.188720431905143,-0.125840160202079,1.6558711830013424,3.04874298741694,2.78998586143042
1.0326368970152495,0.188559187934783,-0.12525055960931555,1.6518422057252704,3.0489851781961,2.77762883067879
1.0323368970904456,0.18839690256862,-0.12465923846743318,1.6478171288701948,3.04922871741735,2.76503005299468
1.0320368971688776,0.188233567081122,-0.12406619404893166,1.6437958879397265,3.04947361236974,2.75219105305944
1.0317368972420815,0.188069172449666,-0.12347142355626949,1.6397784155726303,3.04971987068711,2.73911329343766
1.0314368973168992,0.187903709346331,-0.12287492416513422,1.6357646418163256,3.04996750035926,2.72579816165202
1.031136897393023,0.187737168132063,-0.1222766929892982,1.631754493790983,3.05021650974099,2.71224694742169
1.0308368974686855,0.187569538844682,-0.12167672708606181,1.6277478956668312,3.0504669075671,2.69846075989857
1.0305368975422309,0.187400811192673,-0.1210750234591009,1.6237447686185393,3.05071870296211,2.68444067313957
1.0302368976175647,0.187230974547194,-0.12047157906574565,1.6197450307873915,3.05097190545172,2.67018763331437
1.0299368976908183,0.187060017930314,-0.11986639079254233,1.6157485970580039,3.05122652497815,2.65570249958064
1.0296368977665806,0.186887930006545,-0.11925945548202438,1.611755379140285,3.05148257191245,2.64098597155622
1.0293368978396065,0.186714699073323,-0.11865076989896794,1.607765285274025,3.05174005706798,2.62603865744883
1.0290368979136861,0.186540313049731,-0.11804033076072112,1.603778220347691,3.05199899171579,2.61086103780323
1.0287368979864377,0.186364759465375,-0.11742813470964861,1.5997940856245587,3.05225938760006,2.59545344820612
1.0284368980589909,0.186188025451521,-0.1168141783294052,1.5958127787423946,3.05252125695152,2.57981609593624
1.0281368981289463,0.186010097727044,-0.1161984581278748,1.59183419353344,3.0527846125061,2.56394904966697
1.0278368982003359,0.185830962587629,-0.11558097055289387,1.5878582200370872,3.05304946752074,2.54785221004921
1.0275368982726927,0.185650605893515,-0.11496171197349084,1.5838847442292456,3.05331583579069,2.53152538914715
1.027236898343771,0.18546901305454,-0.11434067867880716,1.579913647954076,3.05358373166985,2.51496813902792
1.0269368984154035,0.185286169020435,-0.11371786688887223,1.5759448088683996,3.05385317008608,2.4981798936635
1.0266368984862337,0.185102058262961,-0.11309327273695388,1.5719781002153903,3.05412416656488,2.4811598825287
1.0263368985576182,0.184916664764828,-0.11246689227936092,1.5680133907716383,3.05439673724664,2.46390721306858
1.0260368986317658,0.184729972000759,-0.11183872148593609,1.5640505446662578,3.05467089891189,2.44642069027167
1.0257368987012456,0.184541962926381,-0.11120875622384843,1.5600894211361231,3.05494666899916,2.4286989368151
1.025436898773381,0.184352619956929,-0.11057699229108171,1.556129874639927,3.05522406563323,2.41074042001698
1.0251368988395573,0.184161924954764,-0.10994342536302656,1.5521717543552296,3.055503107645,2.39254328831074
1.0248368989109053,0.183969859208641,-0.10930805105821473,1.5482149044062892,3.05578381459981,2.37410543549082
1.0245368989805983,0.183776403418254,-0.10867086484860362,1.5442591633062381,3.05606620682099,2.35542448671163
1.024236899050396,0.183581537671127,-0.10803186212610633,1.5403043640209089,3.05635030542134,2.3364977930645
1.0239368991205566,0.183385241426608,-0.1073910381654048,1.5363503337187057,3.05663613232796,2.31732237708398
1.0236368991896532,0.183187493491265,-0.10674838812544318,1.532396893547432,3.05692371031615,2.29789491085335
1.0233368992598177,0.182988272002274,-0.10610390705380726,1.5284438585056186,3.0572130630356,2.27821169156792
1.023036899329043,0.182787554399314,-0.10545758986763323,1.5244910371457099,3.0575042150488,2.25826869962562
1.0227368994020514,0.182585317405208,-0.10480943136843222,1.520538231463701,3.05779719186096,2.23806131697181
1.022436899470903,0.182381536999597,-0.1041594262030523,1.5165852364813799,3.05809201995757,2.21758469079096
1.0221368995389928,0.182176188393031,-0.1035075689017407,1.5126318402396512,3.0583887268421,2.19683319413879
1.0218368996070395,0.181969246000127,-0.10285385384527804,1.5086778234271523,3.0586873410752,2.17580079111333
1.0215368996762964,0.181760683414964,-0.10219827526913666,1.5047229591392486,3.05898789231217,2.15448078952623
1.0212368997454655,0.181550473377283,-0.10154082724914947,1.500767012580348,3.05929041135057,2.13286584580048
1.020936899816082,0.181338587744308,-0.10088150370499288,1.496809740834903,3.05959493017269,2.11094785285273
1.020636899884671,0.181124997456271,-0.10022029837911584,1.4928508924737172,3.0599014819952,2.08871791407333
1.020336899953494,0.180909672510944,-0.09955720485349395,1.4888902074018195,3.06021010131028,2.06616607802144
1.0200369000248033,0.180692581919629,-0.0988922165264764,1.4849274164341666,3.06052082394669,2.04328143658268
1.0197369000933605,0.180473693672902,-0.09822532659423251,1.4809622408683287,3.06083368712157,2.02005190278138
1.0194369001616488,0.180252974707145,-0.0975565280713564,1.4769943923395856,3.06114872949238,1.99646404970411
1.0191369002293469,0.180030390860229,-0.09688581376286855,1.473023572289163,3.06146599122095,1.97250300474732
1.0188369002977158,0.179805906829085,-0.09621317626071088,1.469049471663047,3.06178551403665,1.94815216810334
1.0185369003659992,0.179579486129749,-0.09553860793332589,1.4650717704277825,3.06210734129802,1.92339287327795
1.0182369004357967,0.179351091048014,-0.09486210092067437,1.4610901372064364,3.0624315180653,1.89820432512233
1.0179369005062415,0.179120682589718,-0.09418364711363728,1.4571042287760556,3.06275809117464,1.8725630382543
1.0176369005718455,0.178888220434703,-0.09350323814504613,1.4531136895672387,3.06308710930962,1.84644233083736
1.0173369006401125,0.178653662881257,-0.09282086540701742,1.4491181513795586,3.0634186230842,1.81981206705255
1.017036900711485,0.178416966790942,-0.09213652000243497,1.4451172326186508,3.06375268512668,1.79263763428789
1.0167369007789864,0.178178087522229,-0.0914501927316837,1.441110537732544,3.06408935017704,1.76487910781135
1.0164369008474532,0.177936978884131,-0.09076187411932721,1.4370976569176466,3.06442867516473,1.73649044953281
1.0161369009182177,0.177693593056107,-0.09007155436443652,1.4330781652303852,3.06477071932396,1.70741740686114
1.0158369009871215,0.177447880527843,-0.08937922333357892,1.429051622047898,3.0651155442898,1.67759635947251
1.0155369010556978,0.177199790023552,-0.08868487055611175,1.425017570430551,3.06546321421268,1.64695114532605
1.015236901124989,0.176949268427897,-0.08798848520175806,1.4209755363896819,3.06581379587333,1.61538937828343
1.0149369011943699,0.176696260703575,-0.08729005605997506,1.4169250281096384,3.06616735880894,1.58279782824342
1.0146369012622634,0.176440709809775,-0.08658957152969866,1.4128655351726993,3.06652397544071,1.54903530827522
1.0143369013309955,0.176182556610666,-0.08588701959655178,1.4087965277994245,3.06688372121487,1.51392078824237
1.0140369014026298,0.175921739778799,-0.08518238782116616,1.404717455861149,3.0672466747519,1.47721701925966
1.013736901471397,0.175658195701788,-0.08447566329225976,1.400627747968759,3.06761291799519,1.43860266135855
1.0134369015396425,0.175391858369228,-0.0837668326413048,1.3965268105552955,3.06798253638441,1.39762294024802
1.0131369016076786,0.175122659267288,-0.08305588199482439,1.392414026815262,3.06835561902386,1.35359664787281
1.0128369016786487,0.174850527257131,-0.08234279696754902,1.38828875559248,3.06873225887235,1.30541900386313
1.0125369017482346,0.174575388452375,-0.08162756260968644,1.3841503301592575,3.06911255293792,1.25106332011105
1.0122369018173027,0.174297166080252,-0.08091016340324167,1.3799980570435397,3.06949660249485,1.18591996959039
1.0119369018868638,0.174015780349586,-0.0801905832280764,1.3758312147319556,3.06988451329782,1.09196569530065
1.0116369019548992,0.173731148293185,-0.07946880532070108,1.3716490522096798,3.0702763958292,1.00000001151716
1.011336902024979,0.173443183616414,-0.07874481226756552,1.3674507875244277,3.07067236554495,1.00000000900497
1.0110369020906012,0.173151796519276,-0.07801858591690616,1.3632356061918887,3.07107254315574,1.00000000688809
1.0107369021650277,0.172856893528189,-0.0772901074350556,1.3590026596389841,3.07147705490361,1.00045914688862
1.0104369022319069,0.172558377287843,-0.07655935713467661,1.3547510630282422,3.07188603288994,1.00043034612952
1.0101369023036448,0.172256146380033,-0.07582631457542202,1.3504798939528024,3.07229961538083,1.00000000646028
1.0098369023699107,0.171950095085799,-0.07509095840207289,1.3461881898443662,3.07271794718383,1.00000001195383
